{
    "meta": {
        "code": 200
    },
    "data": [{
        "distance": 41.741369194629698,
        "type": "image",
        "users_in_photo": [],
        "filter": "Earlybird",
        "tags": [],
        "comments": {  },
        "caption": null,
        "likes": {  },
        "link": "http://instagr.am/p/BQEEq/",
        "user": {
            "username": "mahaface",
            "profile_picture": "http://distillery.s3.amazonaws.com/profiles/profile_1329896_75sq_1294131373.jpg",
            "id": "1329896"
        },
        "created_time": "1296251679",
        "images": {
            "low_resolution": {
                "url": "http://distillery.s3.amazonaws.com/media/2011/01/28/0cc4f24f25654b1c8d655835c58b850a_6.jpg",
                "width": 306,
                "height": 306
            },
            "thumbnail": {
                "url": "http://distillery.s3.amazonaws.com/media/2011/01/28/0cc4f24f25654b1c8d655835c58b850a_5.jpg",
                "width": 150,
                "height": 150
            },
            "standard_resolution": {
                "url": "http://distillery.s3.amazonaws.com/media/2011/01/28/0cc4f24f25654b1c8d655835c58b850a_7.jpg",
                "width": 612,
                "height": 612
            }
        },
        "id": "20988202",
        "location": null
    }
	]
}