{
    "data": {
        "type": "image",
        "users_in_photo": [{
            "user": {
                "username": "kevin",
                "full_name": "Kevin S",
                "id": "3",
                "profile_picture": "..."
            },
            "position": {
                "x": 0.315,
                "y": 0.9111
            }
        }],
        "filter": "Walden",
        "tags": [],
        "comments": {
            "data": [{
                "created_time": "1279332030",
                "text": "Love the sign here",
                "from": {
                    "username": "mikeyk",
                    "full_name": "Mikey Krieger",
                    "id": "4",
                    "profile_picture": "http://distillery.s3.amazonaws.com/profiles/profile_1242695_75sq_1293915800.jpg"
                },
                "id": "8"
            }],
            "count": 2
        },
        "caption": null,
        "likes": {
            "count": 1,
            "data": [{
                "username": "mikeyk",
                "full_name": "Mikeyk",
                "id": "4",
                "profile_picture": "..."
            }]
        },
        "link": "http://instagr.am/p/D/",
        "user": {
            "username": "kevin",
            "full_name": "Kevin S",
            "profile_picture": "...",
            "bio": "...",
            "website": "...",
            "id": "3"
        },
        "created_time": "1279340983",
        "images": {
            "low_resolution": {
                "url": "http://distillery.s3.amazonaws.com/media/2010/07/16/4de37e03aa4b4372843a7eb33fa41cad_6.jpg",
                "width": 306,
                "height": 306
            },
            "thumbnail": {
                "url": "http://distillery.s3.amazonaws.com/media/2010/07/16/4de37e03aa4b4372843a7eb33fa41cad_5.jpg",
                "width": 150,
                "height": 150
            },
            "standard_resolution": {
                "url": "http://distillery.s3.amazonaws.com/media/2010/07/16/4de37e03aa4b4372843a7eb33fa41cad_7.jpg",
                "width": 612,
                "height": 612
            }
        },
        "id": "3",
        "location": null
    }
}