{
  "required" : true ,
  "$schema" : "http://json-schema.org/draft-03/schema" ,
  "type" : "object" ,
  "properties" : {
    "meta" : {
      "type" : "object" ,
      "required" : false ,
      "properties" : {
        "code" : {
          "type" : "number" ,
          "required" : false
        }
      }
    } ,
    "data" : {
      "type" : "array" ,
      "required" : false ,
      "items" : [
        {
          "type" : "object" ,
          "properties" : {
            "latitude" : {
              "type" : "number" ,
              "required" : false
            } ,
            "id" : {
              "type" : "string" ,
              "required" : false
            } ,
            "longitude" : {
              "type" : "number" ,
              "required" : false
            } ,
            "name" : {
              "type" : "string" ,
              "required" : false
            }
          }
        }
      ]
    }
  }
}