{
  "required" : true ,
  "$schema" : "http://json-schema.org/draft-03/schema" ,
  "type" : "object" ,
  "properties" : {
    "data" : {
      "type" : "array" ,
      "required" : false ,
      "items" : [
        {
          "type" : "object" ,
          "properties" : {
            "type" : {
              "type" : "string" ,
              "required" : false
            } ,
            "users_in_photo" : {
              "type" : "array" ,
              "required" : false ,
              "items" : [
              ]
            } ,
            "filter" : {
              "type" : "string" ,
              "required" : false
            } ,
            "tags" : {
              "type" : "array" ,
              "required" : false ,
              "items" : [
                {
                  "type" : "string"
                }
              ]
            } ,
            "comments" : {
              "type" : "object" ,
              "required" : false ,
              "properties" : {
                "data" : {
                  "type" : "array" ,
                  "required" : false ,
                  "items" : [
                    {
                      "type" : "object" ,
                      "properties" : {
                        "created_time" : {
                          "type" : "string" ,
                          "required" : false
                        } ,
                        "text" : {
                          "type" : "string" ,
                          "required" : false
                        } ,
                        "from" : {
                          "type" : "object" ,
                          "required" : false ,
                          "properties" : {
                            "username" : {
                              "type" : "array" ,
                              "required" : false ,
                              "items" : [
                                {
                                  "type" : "string"
                                }
                              ]
                            } ,
                            "id" : {
                              "type" : "string" ,
                              "required" : false
                            }
                          }
                        } ,
                        "id" : {
                          "type" : "string" ,
                          "required" : false
                        }
                      }
                    }
                  ]
                } ,
                "count" : {
                  "type" : "number" ,
                  "required" : false
                }
              }
            } ,
            "caption" : {
              "type" : "object" ,
              "required" : false ,
              "properties" : {
                "created_time" : {
                  "type" : "string" ,
                  "required" : false
                } ,
                "text" : {
                  "type" : "string" ,
                  "required" : false
                } ,
                "from" : {
                  "type" : "object" ,
                  "required" : false ,
                  "properties" : {
                    "username" : {
                      "type" : "string" ,
                      "required" : false
                    } ,
                    "id" : {
                      "type" : "string" ,
                      "required" : false
                    }
                  }
                } ,
                "id" : {
                  "type" : "string" ,
                  "required" : false
                }
              }
            } ,
            "likes" : {
              "type" : "object" ,
              "required" : false ,
              "properties" : {
                "count" : {
                  "type" : "number" ,
                  "required" : false
                } ,
                "data" : {
                  "type" : "array" ,
                  "required" : false ,
                  "items" : [
                    {
                      "type" : "object" ,
                      "properties" : {
                        "username" : {
                          "type" : "string" ,
                          "required" : false
                        } ,
                        "full_name" : {
                          "type" : "string" ,
                          "required" : false
                        } ,
                        "id" : {
                          "type" : "string" ,
                          "required" : false
                        } ,
                        "profile_picture" : {
                          "type" : "string" ,
                          "required" : false
                        }
                      }
                    }
                  ]
                }
              }
            } ,
            "link" : {
              "type" : "string" ,
              "required" : false
            } ,
            "user" : {
              "type" : "object" ,
              "required" : false ,
              "properties" : {
                "username" : {
                  "type" : "string" ,
                  "required" : false
                } ,
                "profile_picture" : {
                  "type" : "string" ,
                  "required" : false
                } ,
                "id" : {
                  "type" : "string" ,
                  "required" : false
                } ,
                "full_name" : {
                  "type" : "string" ,
                  "required" : false
                }
              }
            } ,
            "created_time" : {
              "type" : "string" ,
              "required" : false
            } ,
            "images" : {
              "type" : "object" ,
              "required" : false ,
              "properties" : {
                "low_resolution" : {
                  "type" : "object" ,
                  "required" : false ,
                  "properties" : {
                    "url" : {
                      "type" : "string" ,
                      "required" : false
                    } ,
                    "width" : {
                      "type" : "number" ,
                      "required" : false
                    } ,
                    "height" : {
                      "type" : "number" ,
                      "required" : false
                    }
                  }
                } ,
                "thumbnail" : {
                  "type" : "object" ,
                  "required" : false ,
                  "properties" : {
                    "url" : {
                      "type" : "string" ,
                      "required" : false
                    } ,
                    "width" : {
                      "type" : "number" ,
                      "required" : false
                    } ,
                    "height" : {
                      "type" : "number" ,
                      "required" : false
                    }
                  }
                } ,
                "standard_resolution" : {
                  "type" : "object" ,
                  "required" : false ,
                  "properties" : {
                    "url" : {
                      "type" : "string" ,
                      "required" : false
                    } ,
                    "width" : {
                      "type" : "number" ,
                      "required" : false
                    } ,
                    "height" : {
                      "type" : "number" ,
                      "required" : false
                    }
                  }
                }
              }
            } ,
            "id" : {
              "type" : "string" ,
              "required" : false
            } ,
            "location" : {
              "type" : "object" ,
              "required" : false
            }
          }
        }
      ]
    }
  }
}