{
  "type": "object",
  "": "http://json-schema.org/draft-03/schema",
  "properties": {
    "data": {
      "type": "array",
      "items": {
        "type": "object",
        "properties": {
          "username": {
            "type": "string"
          },
          "first_name": {
            "type": "string"
          },
          "profile_picture": {
            "type": "string"
          },
          "id": {
            "type": "string"
          },
          "last_name": {
            "type": "string"
          }
        }
      }
    }
  }
}